File Name	Row Number	PeakID	Chr	Start	End	Strand	Peak Score	Focus Ratio/Region Size	Annotation	Detailed Annotation	Distance to TSS	Nearest PromoterID	Entrez ID	Nearest Unigene	Nearest Refseq	Nearest Ensembl	Gene Name	Gene Alias	Gene Description	Gene Type
SP53XR30.anno	11	MACS_peak_259	chr3LHet	2182807	2184640	+	1985.57		Intergenic	SAR_DM|Satellite|Satellite	7008.0	NM_001110955	5740664.0	Dm.29274	NM_001110955		CG40228	BcDNA:RE67573|Dmel\CG40228	CG40228 gene product from transcript CG40228-RC	protein-coding
SP53XR30.anno	72	MACS_peak_261	chr3LHet	2188374	2189122	+	346.21		TTS	TTS (NM_001110956)	1983.0	NM_001110955	5740664.0	Dm.29274	NM_001110955		CG40228	BcDNA:RE67573|Dmel\CG40228	CG40228 gene product from transcript CG40228-RC	protein-coding
SP53XR30.anno	84	MACS_peak_257	chr3LHet	2176742	2178249	+	301.71		Intergenic	SAR_DM|Satellite|Satellite	13236.0	NM_001110955	5740664.0	Dm.29274	NM_001110955		CG40228	BcDNA:RE67573|Dmel\CG40228	CG40228 gene product from transcript CG40228-RC	protein-coding
SP53XR30.anno	87	MACS_peak_254	chr3LHet	2161981	2164184	+	293.18		Intergenic	SAR_DM|Satellite|Satellite	27649.0	NM_001110955	5740664.0	Dm.29274	NM_001110955		CG40228	BcDNA:RE67573|Dmel\CG40228	CG40228 gene product from transcript CG40228-RC	protein-coding
SP53XR30.anno	97	MACS_peak_253	chr3LHet	2160384	2161967	+	268.94		Intergenic	SAR_DM|Satellite|Satellite	29556.0	NM_001110955	5740664.0	Dm.29274	NM_001110955		CG40228	BcDNA:RE67573|Dmel\CG40228	CG40228 gene product from transcript CG40228-RC	protein-coding
SP53XR30.anno	119	MACS_peak_260	chr3LHet	2185932	2186467	+	187.16		Intergenic	SAR_DM|Satellite|Satellite	4532.0	NM_001110955	5740664.0	Dm.29274	NM_001110955		CG40228	BcDNA:RE67573|Dmel\CG40228	CG40228 gene product from transcript CG40228-RC	protein-coding
SP53XR30.anno	162	MACS_peak_255	chr3LHet	2168521	2168766	+	123.47		Intergenic	SAR_DM|Satellite|Satellite	22088.0	NM_001110955	5740664.0	Dm.29274	NM_001110955		CG40228	BcDNA:RE67573|Dmel\CG40228	CG40228 gene product from transcript CG40228-RC	protein-coding
SP53XR30.anno	205	MACS_peak_258	chr3LHet	2181667	2182310	+	96.83		Intergenic	SAR_DM|Satellite|Satellite	8743.0	NM_001110955	5740664.0	Dm.29274	NM_001110955		CG40228	BcDNA:RE67573|Dmel\CG40228	CG40228 gene product from transcript CG40228-RC	protein-coding
SP53XR30.anno	246	MACS_peak_252	chr3LHet	2110234	2110924	+	84.51		Intergenic	Invader1_I|LTR|Gypsy	80152.0	NM_001110955	5740664.0	Dm.29274	NM_001110955		CG40228	BcDNA:RE67573|Dmel\CG40228	CG40228 gene product from transcript CG40228-RC	protein-coding
SP53XR30.anno	335	MACS_peak_251	chr3LHet	2043190	2043492	+	64.67		Intergenic	DOC3_DM|LINE|Jockey	147390.0	NM_001110955	5740664.0	Dm.29274	NM_001110955		CG40228	BcDNA:RE67573|Dmel\CG40228	CG40228 gene product from transcript CG40228-RC	protein-coding
SP53XR30.anno	342	MACS_peak_256	chr3LHet	2170006	2172373	+	63.69		Intergenic	SAR_DM|Satellite|Satellite	19542.0	NM_001110955	5740664.0	Dm.29274	NM_001110955		CG40228	BcDNA:RE67573|Dmel\CG40228	CG40228 gene product from transcript CG40228-RC	protein-coding
SP53NT30.anno	18	MACS_peak_338	chr3LHet	2182670	2184629	+	1548.2		Intergenic	SAR_DM|Satellite|Satellite	7082.0	NM_001276238	5740664.0	Dm.29274	NM_001110955		CG40228	BcDNA:RE67573|Dmel\CG40228	CG40228 gene product from transcript CG40228-RC	protein-coding
SP53NT30.anno	62	MACS_peak_334	chr3LHet	2162579	2164280	+	509.4		Intergenic	SAR_DM|Satellite|Satellite	27302.0	NM_001276238	5740664.0	Dm.29274	NM_001110955		CG40228	BcDNA:RE67573|Dmel\CG40228	CG40228 gene product from transcript CG40228-RC	protein-coding
SP53NT30.anno	88	MACS_peak_340	chr3LHet	2188252	2189050	+	337.31		TTS	TTS (NM_001110956)	2080.0	NM_001276238	5740664.0	Dm.29274	NM_001110955		CG40228	BcDNA:RE67573|Dmel\CG40228	CG40228 gene product from transcript CG40228-RC	protein-coding
SP53NT30.anno	112	MACS_peak_333	chr3LHet	2160493	2162306	+	227.22		Intergenic	SAR_DM|Satellite|Satellite	29332.0	NM_001276238	5740664.0	Dm.29274	NM_001110955		CG40228	BcDNA:RE67573|Dmel\CG40228	CG40228 gene product from transcript CG40228-RC	protein-coding
SP53NT30.anno	114	MACS_peak_339	chr3LHet	2185956	2186466	+	225.24		Intergenic	SAR_DM|Satellite|Satellite	4520.0	NM_001276238	5740664.0	Dm.29274	NM_001110955		CG40228	BcDNA:RE67573|Dmel\CG40228	CG40228 gene product from transcript CG40228-RC	protein-coding
SP53NT30.anno	128	MACS_peak_337	chr3LHet	2181811	2182327	+	186.57		Intergenic	SAR_DM|Satellite|Satellite	8662.0	NM_001276238	5740664.0	Dm.29274	NM_001110955		CG40228	BcDNA:RE67573|Dmel\CG40228	CG40228 gene product from transcript CG40228-RC	protein-coding
SP53NT30.anno	138	MACS_peak_336	chr3LHet	2176611	2178608	+	176.17		Intergenic	SAR_DM|Satellite|Satellite	13122.0	NM_001276238	5740664.0	Dm.29274	NM_001110955		CG40228	BcDNA:RE67573|Dmel\CG40228	CG40228 gene product from transcript CG40228-RC	protein-coding
SP53NT30.anno	253	MACS_peak_335	chr3LHet	2168515	2168769	+	94.08		Intergenic	SAR_DM|Satellite|Satellite	22089.0	NM_001276238	5740664.0	Dm.29274	NM_001110955		CG40228	BcDNA:RE67573|Dmel\CG40228	CG40228 gene product from transcript CG40228-RC	protein-coding
SP53NT30.anno	289	MACS_peak_332	chr3LHet	2110319	2110918	+	84.06		Intergenic	Invader1_I|LTR|Gypsy	80113.0	NM_001276238	5740664.0	Dm.29274	NM_001110955		CG40228	BcDNA:RE67573|Dmel\CG40228	CG40228 gene product from transcript CG40228-RC	protein-coding
SP53NT30.anno	420	MACS_peak_331	chr3LHet	2016077	2016452	+	66.15		Intergenic	Gypsy4_I|LTR|Gypsy	174467.0	NM_001276238	5740664.0	Dm.29274	NM_001110955		CG40228	BcDNA:RE67573|Dmel\CG40228	CG40228 gene product from transcript CG40228-RC	protein-coding
SP53NT30.anno	584	MACS_peak_330	chr3LHet	1991044	1991786	+	53.9		Intergenic	TRANSPAC_I|LTR|Gypsy	199316.0	NM_001276238	5740664.0	Dm.29274	NM_001110955		CG40228	BcDNA:RE67573|Dmel\CG40228	CG40228 gene product from transcript CG40228-RC	protein-coding
SP53XR30Ctr.anno	18	MACS_peak_34	chr3LHet	2181667	2182310	+	190.39		Intergenic	SAR_DM|Satellite|Satellite	8743.0	NM_001110956	5740664.0	Dm.29274	NM_001110955		CG40228	BcDNA:RE67573|Dmel\CG40228	CG40228 gene product from transcript CG40228-RC	protein-coding
SP53XR30Ctr.anno	19	MACS_peak_35	chr3LHet	2182807	2184640	+	190.07		Intergenic	SAR_DM|Satellite|Satellite	7008.0	NM_001110956	5740664.0	Dm.29274	NM_001110955		CG40228	BcDNA:RE67573|Dmel\CG40228	CG40228 gene product from transcript CG40228-RC	protein-coding
SP53XR30Ctr.anno	21	MACS_peak_36	chr3LHet	2185932	2186467	+	189.53		Intergenic	SAR_DM|Satellite|Satellite	4532.0	NM_001110956	5740664.0	Dm.29274	NM_001110955		CG40228	BcDNA:RE67573|Dmel\CG40228	CG40228 gene product from transcript CG40228-RC	protein-coding
SP53XR30Ctr.anno	31	MACS_peak_37	chr3LHet	2188374	2189122	+	136.51		TTS	TTS (NM_001110956)	1983.0	NM_001110956	5740664.0	Dm.29274	NM_001110955		CG40228	BcDNA:RE67573|Dmel\CG40228	CG40228 gene product from transcript CG40228-RC	protein-coding
SP53XR30Ctr.anno	49	MACS_peak_33	chr3LHet	2168521	2168766	+	73.65		Intergenic	SAR_DM|Satellite|Satellite	22088.0	NM_001110956	5740664.0	Dm.29274	NM_001110955		CG40228	BcDNA:RE67573|Dmel\CG40228	CG40228 gene product from transcript CG40228-RC	protein-coding
SP53XR30Ctr.anno	57	MACS_peak_32	chr3LHet	2160384	2161967	+	65.61		Intergenic	SAR_DM|Satellite|Satellite	29556.0	NM_001110956	5740664.0	Dm.29274	NM_001110955		CG40228	BcDNA:RE67573|Dmel\CG40228	CG40228 gene product from transcript CG40228-RC	protein-coding
SP53XR60_A.anno	424	MACS_peak_1241	chr3LHet	2068039	2068576	+	158.87		Intergenic	BS2|LINE|Jockey	122424.0	NM_001276237	5740664.0	Dm.29274	NM_001110955		CG40228	BcDNA:RE67573|Dmel\CG40228	CG40228 gene product from transcript CG40228-RC	protein-coding
SP53XR60_A.anno	489	MACS_peak_1251	chr3LHet	2095628	2096489	+	143.49		Intergenic	DMRT1A|LINE|R1	94673.0	NM_001276237	5740664.0	Dm.29274	NM_001110955		CG40228	BcDNA:RE67573|Dmel\CG40228	CG40228 gene product from transcript CG40228-RC	protein-coding
SP53XR60_A.anno	513	MACS_peak_1250	chr3LHet	2094493	2095310	+	138.83		Intergenic	DMRT1A|LINE|R1	95830.0	NM_001276237	5740664.0	Dm.29274	NM_001110955		CG40228	BcDNA:RE67573|Dmel\CG40228	CG40228 gene product from transcript CG40228-RC	protein-coding
SP53XR60_A.anno	557	MACS_peak_1244	chr3LHet	2069272	2069841	+	128.35		Intergenic	BS2|LINE|Jockey	121175.0	NM_001276237	5740664.0	Dm.29274	NM_001110955		CG40228	BcDNA:RE67573|Dmel\CG40228	CG40228 gene product from transcript CG40228-RC	protein-coding
SP53XR60_A.anno	671	MACS_peak_1231	chr3LHet	2017652	2018373	+	112.69		Intergenic	Gypsy4_I|LTR|Gypsy	172719.0	NM_001276237	5740664.0	Dm.29274	NM_001110955		CG40228	BcDNA:RE67573|Dmel\CG40228	CG40228 gene product from transcript CG40228-RC	protein-coding
SP53XR60_A.anno	840	MACS_peak_1252	chr3LHet	2107343	2108939	+	97.0		Intergenic	Invader1_I|LTR|Gypsy	82590.0	NM_001276237	5740664.0	Dm.29274	NM_001110955		CG40228	BcDNA:RE67573|Dmel\CG40228	CG40228 gene product from transcript CG40228-RC	protein-coding
SP53XR60_A.anno	971	MACS_peak_1239	chr3LHet	2061841	2062323	+	86.42		Intergenic	NINJA_I|LTR|Pao	128649.0	NM_001276237	5740664.0	Dm.29274	NM_001110955		CG40228	BcDNA:RE67573|Dmel\CG40228	CG40228 gene product from transcript CG40228-RC	protein-coding
SP53XR60_A.anno	1040	MACS_peak_1240	chr3LHet	2062839	2063310	+	81.51		Intergenic	NINJA_I|LTR|Pao	127657.0	NM_001276237	5740664.0	Dm.29274	NM_001110955		CG40228	BcDNA:RE67573|Dmel\CG40228	CG40228 gene product from transcript CG40228-RC	protein-coding
SP53XR60_A.anno	1065	MACS_peak_1233	chr3LHet	2049744	2050225	+	79.79		Intergenic	NINJA_I|LTR|Pao	140747.0	NM_001276237	5740664.0	Dm.29274	NM_001110955		CG40228	BcDNA:RE67573|Dmel\CG40228	CG40228 gene product from transcript CG40228-RC	protein-coding
SP53XR60_A.anno	1143	MACS_peak_1249	chr3LHet	2093241	2093854	+	75.04		Intergenic	DMRT1A|LINE|R1	97184.0	NM_001276237	5740664.0	Dm.29274	NM_001110955		CG40228	BcDNA:RE67573|Dmel\CG40228	CG40228 gene product from transcript CG40228-RC	protein-coding
SP53XR60_A.anno	1187	MACS_peak_1230	chr3LHet	2011795	2012140	+	72.66		Intergenic	Gypsy4_LTR|LTR|Gypsy	178764.0	NM_001276237	5740664.0	Dm.29274	NM_001110955		CG40228	BcDNA:RE67573|Dmel\CG40228	CG40228 gene product from transcript CG40228-RC	protein-coding
SP53XR60_A.anno	1200	MACS_peak_1247	chr3LHet	2079468	2080137	+	71.7		Intergenic	NINJA_I|LTR|Pao	110929.0	NM_001276237	5740664.0	Dm.29274	NM_001110955		CG40228	BcDNA:RE67573|Dmel\CG40228	CG40228 gene product from transcript CG40228-RC	protein-coding
SP53XR60_A.anno	1204	MACS_peak_1228	chr3LHet	1986895	1987946	+	71.59		Intergenic	TRANSPAC_I|LTR|Gypsy	203311.0	NM_001276237	5740664.0	Dm.29274	NM_001110955		CG40228	BcDNA:RE67573|Dmel\CG40228	CG40228 gene product from transcript CG40228-RC	protein-coding
SP53XR60_A.anno	1342	MACS_peak_1237	chr3LHet	2058579	2059060	+	64.82		Intergenic	NINJA_I|LTR|Pao	131912.0	NM_001276237	5740664.0	Dm.29274	NM_001110955		CG40228	BcDNA:RE67573|Dmel\CG40228	CG40228 gene product from transcript CG40228-RC	protein-coding
SP53XR60_A.anno	1353	MACS_peak_1242	chr3LHet	2068743	2069006	+	64.64		Intergenic	BS2|LINE|Jockey	121857.0	NM_001276237	5740664.0	Dm.29274	NM_001110955		CG40228	BcDNA:RE67573|Dmel\CG40228	CG40228 gene product from transcript CG40228-RC	protein-coding
SP53XR60_A.anno	1354	MACS_peak_1245	chr3LHet	2076966	2077339	+	64.63		Intergenic	NINJA_I|LTR|Pao	113579.0	NM_001276237	5740664.0	Dm.29274	NM_001110955		CG40228	BcDNA:RE67573|Dmel\CG40228	CG40228 gene product from transcript CG40228-RC	protein-coding
SP53XR60_A.anno	1389	MACS_peak_1229	chr3LHet	1991883	1992226	+	63.22		Intergenic	TRANSPAC_LTR|LTR|Gypsy	198677.0	NM_001276237	5740664.0	Dm.29274	NM_001110955		CG40228	BcDNA:RE67573|Dmel\CG40228	CG40228 gene product from transcript CG40228-RC	protein-coding
SP53XR60_A.anno	1444	MACS_peak_1236	chr3LHet	2057237	2057622	+	61.04		Intergenic	NINJA_I|LTR|Pao	133302.0	NM_001276237	5740664.0	Dm.29274	NM_001110955		CG40228	BcDNA:RE67573|Dmel\CG40228	CG40228 gene product from transcript CG40228-RC	protein-coding
SP53XR60_A.anno	1603	MACS_peak_1232	chr3LHet	2049154	2049521	+	56.15		Intergenic	NINJA_I|LTR|Pao	141394.0	NM_001276237	5740664.0	Dm.29274	NM_001110955		CG40228	BcDNA:RE67573|Dmel\CG40228	CG40228 gene product from transcript CG40228-RC	protein-coding
SP53XR60_A.anno	1631	MACS_peak_1235	chr3LHet	2050784	2051273	+	55.09		Intergenic	NINJA_I|LTR|Pao	139703.0	NM_001276237	5740664.0	Dm.29274	NM_001110955		CG40228	BcDNA:RE67573|Dmel\CG40228	CG40228 gene product from transcript CG40228-RC	protein-coding
SP53XR60_A.anno	1657	MACS_peak_1246	chr3LHet	2078338	2078610	+	54.6		Intergenic	PROTOP_A|DNA|P	112257.0	NM_001276237	5740664.0	Dm.29274	NM_001110955		CG40228	BcDNA:RE67573|Dmel\CG40228	CG40228 gene product from transcript CG40228-RC	protein-coding
SP53XR60_A.anno	1658	MACS_peak_1253	chr3LHet	2120321	2122551	+	54.6		Intergenic	STALKER4_I|LTR|Gypsy	69295.0	NM_001276237	5740664.0	Dm.29274	NM_001110955		CG40228	BcDNA:RE67573|Dmel\CG40228	CG40228 gene product from transcript CG40228-RC	protein-coding
SP53XR60_A.anno	1668	MACS_peak_1234	chr3LHet	2050479	2050765	+	54.31		Intergenic	NINJA_I|LTR|Pao	140109.0	NM_001276237	5740664.0	Dm.29274	NM_001110955		CG40228	BcDNA:RE67573|Dmel\CG40228	CG40228 gene product from transcript CG40228-RC	protein-coding
SP53XR60_A.anno	1730	MACS_peak_1243	chr3LHet	2069011	2069246	+	52.63		Intergenic	BS2|LINE|Jockey	121603.0	NM_001276237	5740664.0	Dm.29274	NM_001110955		CG40228	BcDNA:RE67573|Dmel\CG40228	CG40228 gene product from transcript CG40228-RC	protein-coding
SP53XR60_A.anno	1742	MACS_peak_1238	chr3LHet	2060642	2060932	+	52.18		Intergenic	NINJA_I|LTR|Pao	129944.0	NM_001276237	5740664.0	Dm.29274	NM_001110955		CG40228	BcDNA:RE67573|Dmel\CG40228	CG40228 gene product from transcript CG40228-RC	protein-coding
SP53XR60_A.anno	1796	MACS_peak_1248	chr3LHet	2081796	2082301	+	50.76		Intergenic	NINJA_I|LTR|Pao	108683.0	NM_001276237	5740664.0	Dm.29274	NM_001110955		CG40228	BcDNA:RE67573|Dmel\CG40228	CG40228 gene product from transcript CG40228-RC	protein-coding
SP53XR60_A.anno	1812	MACS_peak_1227	chr3LHet	1961060	1961422	+	50.34		Intergenic	DOC|LINE|Jockey	229490.0	NM_001276237	5740664.0	Dm.29274	NM_001110955		CG40228	BcDNA:RE67573|Dmel\CG40228	CG40228 gene product from transcript CG40228-RC	protein-coding
SP53XR60Ctr.anno	14	MACS_peak_110	chr3LHet	2185783	2186733	+	386.87		Intergenic	SAR_DM|Satellite|Satellite	4473.0	NM_001276238	5740664.0	Dm.29274	NM_001110955		CG40228	BcDNA:RE67573|Dmel\CG40228	CG40228 gene product from transcript CG40228-RC	protein-coding
SP53XR60Ctr.anno	17	MACS_peak_108	chr3LHet	2181802	2182334	+	360.65		Intergenic	SAR_DM|Satellite|Satellite	8663.0	NM_001276238	5740664.0	Dm.29274	NM_001110955		CG40228	BcDNA:RE67573|Dmel\CG40228	CG40228 gene product from transcript CG40228-RC	protein-coding
SP53XR60Ctr.anno	22	MACS_peak_109	chr3LHet	2182670	2184713	+	300.42		Intergenic	SAR_DM|Satellite|Satellite	7040.0	NM_001276238	5740664.0	Dm.29274	NM_001110955		CG40228	BcDNA:RE67573|Dmel\CG40228	CG40228 gene product from transcript CG40228-RC	protein-coding
SP53XR60Ctr.anno	31	MACS_peak_104	chr3LHet	2166522	2168235	+	222.06		Intergenic	Intergenic	23353.0	NM_001276238	5740664.0	Dm.29274	NM_001110955		CG40228	BcDNA:RE67573|Dmel\CG40228	CG40228 gene product from transcript CG40228-RC	protein-coding
SP53XR60Ctr.anno	36	MACS_peak_103	chr3LHet	2162581	2164192	+	198.95		Intergenic	SAR_DM|Satellite|Satellite	27345.0	NM_001276238	5740664.0	Dm.29274	NM_001110955		CG40228	BcDNA:RE67573|Dmel\CG40228	CG40228 gene product from transcript CG40228-RC	protein-coding
SP53XR60Ctr.anno	37	MACS_peak_111	chr3LHet	2188215	2189206	+	192.52		TTS	TTS (NM_001110956)	2021.0	NM_001276238	5740664.0	Dm.29274	NM_001110955		CG40228	BcDNA:RE67573|Dmel\CG40228	CG40228 gene product from transcript CG40228-RC	protein-coding
SP53XR60Ctr.anno	43	MACS_peak_102	chr3LHet	2160456	2162276	+	180.7		Intergenic	SAR_DM|Satellite|Satellite	29365.0	NM_001276238	5740664.0	Dm.29274	NM_001110955		CG40228	BcDNA:RE67573|Dmel\CG40228	CG40228 gene product from transcript CG40228-RC	protein-coding
SP53XR60Ctr.anno	52	MACS_peak_106	chr3LHet	2170666	2173071	+	126.52		Intergenic	SAR_DM|Satellite|Satellite	18863.0	NM_001276238	5740664.0	Dm.29274	NM_001110955		CG40228	BcDNA:RE67573|Dmel\CG40228	CG40228 gene product from transcript CG40228-RC	protein-coding
SP53XR60Ctr.anno	54	MACS_peak_105	chr3LHet	2168513	2168754	+	122.0		Intergenic	SAR_DM|Satellite|Satellite	22098.0	NM_001276238	5740664.0	Dm.29274	NM_001110955		CG40228	BcDNA:RE67573|Dmel\CG40228	CG40228 gene product from transcript CG40228-RC	protein-coding
SP53XR60Ctr.anno	60	MACS_peak_107	chr3LHet	2174568	2175485	+	107.46		Intergenic	SAR_DM|Satellite|Satellite	15705.0	NM_001276238	5740664.0	Dm.29274	NM_001110955		CG40228	BcDNA:RE67573|Dmel\CG40228	CG40228 gene product from transcript CG40228-RC	protein-coding
SP53XR60Ctr.anno	140	MACS_peak_100	chr3LHet	1986893	1987503	+	52.47		Intergenic	TRANSPAC_LTR|LTR|Gypsy	203533.0	NM_001276238	5740664.0	Dm.29274	NM_001110955		CG40228	BcDNA:RE67573|Dmel\CG40228	CG40228 gene product from transcript CG40228-RC	protein-coding
SP53XR60Ctr.anno	152	MACS_peak_101	chr3LHet	1991207	1991842	+	51.7		Intergenic	TRANSPAC_I|LTR|Gypsy	199207.0	NM_001276238	5740664.0	Dm.29274	NM_001110955		CG40228	BcDNA:RE67573|Dmel\CG40228	CG40228 gene product from transcript CG40228-RC	protein-coding
SP53XR60_B.anno	2	MACS_peak_327	chr3LHet	1986833	1988858	+	154.29		Intergenic	TRANSPAC_I|LTR|Gypsy	202886.0	NM_001276238	5740664.0	Dm.29274	NM_001110955		CG40228	BcDNA:RE67573|Dmel\CG40228	CG40228 gene product from transcript CG40228-RC	protein-coding
SP53XR60_B.anno	4	MACS_peak_328	chr3LHet	1988874	1991852	+	141.28		Intergenic	TRANSPAC_I|LTR|Gypsy	200368.0	NM_001276238	5740664.0	Dm.29274	NM_001110955		CG40228	BcDNA:RE67573|Dmel\CG40228	CG40228 gene product from transcript CG40228-RC	protein-coding
SP53XR60_B.anno	33	MACS_peak_331	chr3LHet	2121510	2124809	+	77.49		Intergenic	STALKER4_I|LTR|Gypsy	67572.0	NM_001276238	5740664.0	Dm.29274	NM_001110955		CG40228	BcDNA:RE67573|Dmel\CG40228	CG40228 gene product from transcript CG40228-RC	protein-coding
SP53XR60_B.anno	72	MACS_peak_330	chr3LHet	2077920	2078275	+	59.43		Intergenic	PROTOP_A|DNA|P	112634.0	NM_001276238	5740664.0	Dm.29274	NM_001110955		CG40228	BcDNA:RE67573|Dmel\CG40228	CG40228 gene product from transcript CG40228-RC	protein-coding
SP53XR60_B.anno	95	MACS_peak_329	chr3LHet	2017844	2018447	+	52.76		Intergenic	Gypsy4_LTR|LTR|Gypsy	172586.0	NM_001276238	5740664.0	Dm.29274	NM_001110955		CG40228	BcDNA:RE67573|Dmel\CG40228	CG40228 gene product from transcript CG40228-RC	protein-coding
R_P53XR60_A.anno	234	MACS_peak_115	chr3LHet	2162429	2162514	+	70.06		Intergenic	SAR_DM|Satellite|Satellite	28260.0	NM_001276237	5740664.0	Dm.29274	NM_001110955		CG40228	BcDNA:RE67573|Dmel\CG40228	CG40228 gene product from transcript CG40228-RC	protein-coding
SP53NT60Ctr.anno	22	MACS_peak_195	chr3LHet	2185954	2186550	+	177.17		Intergenic	SAR_DM|Satellite|Satellite	4479.0	NM_001110956	5740664.0	Dm.29274	NM_001110955		CG40228	BcDNA:RE67573|Dmel\CG40228	CG40228 gene product from transcript CG40228-RC	protein-coding
SP53NT60Ctr.anno	24	MACS_peak_196	chr3LHet	2188126	2189250	+	175.68		TTS	TTS (NM_001110956)	2043.0	NM_001110956	5740664.0	Dm.29274	NM_001110955		CG40228	BcDNA:RE67573|Dmel\CG40228	CG40228 gene product from transcript CG40228-RC	protein-coding
SP53NT60Ctr.anno	31	MACS_peak_194	chr3LHet	2181815	2182514	+	149.92		Intergenic	SAR_DM|Satellite|Satellite	8567.0	NM_001110956	5740664.0	Dm.29274	NM_001110955		CG40228	BcDNA:RE67573|Dmel\CG40228	CG40228 gene product from transcript CG40228-RC	protein-coding
SP53NT60Ctr.anno	72	MACS_peak_189	chr3LHet	2119834	2120883	+	88.96		Intergenic	STALKER4_I|LTR|Gypsy	70373.0	NM_001110956	5740664.0	Dm.29274	NM_001110955		CG40228	BcDNA:RE67573|Dmel\CG40228	CG40228 gene product from transcript CG40228-RC	protein-coding
SP53NT60Ctr.anno	79	MACS_peak_187	chr3LHet	1986913	1987951	+	84.12		Intergenic	TRANSPAC_I|LTR|Gypsy	203299.0	NM_001110956	5740664.0	Dm.29274	NM_001110955		CG40228	BcDNA:RE67573|Dmel\CG40228	CG40228 gene product from transcript CG40228-RC	protein-coding
SP53NT60Ctr.anno	89	MACS_peak_193	chr3LHet	2169467	2173007	+	76.83		Intergenic	SAR_DM|Satellite|Satellite	19494.0	NM_001110956	5740664.0	Dm.29274	NM_001110955		CG40228	BcDNA:RE67573|Dmel\CG40228	CG40228 gene product from transcript CG40228-RC	protein-coding
SP53NT60Ctr.anno	140	MACS_peak_191	chr3LHet	2165568	2168082	+	65.71		Intergenic	SAR_DM|Satellite|Satellite	23906.0	NM_001110956	5740664.0	Dm.29274	NM_001110955		CG40228	BcDNA:RE67573|Dmel\CG40228	CG40228 gene product from transcript CG40228-RC	protein-coding
SP53NT60Ctr.anno	194	MACS_peak_188	chr3LHet	1990985	1992144	+	58.54		Intergenic	TRANSPAC_I|LTR|Gypsy	199167.0	NM_001110956	5740664.0	Dm.29274	NM_001110955		CG40228	BcDNA:RE67573|Dmel\CG40228	CG40228 gene product from transcript CG40228-RC	protein-coding
SP53NT60Ctr.anno	200	MACS_peak_190	chr3LHet	2121362	2122716	+	58.0		Intergenic	STALKER4_I|LTR|Gypsy	68692.0	NM_001110956	5740664.0	Dm.29274	NM_001110955		CG40228	BcDNA:RE67573|Dmel\CG40228	CG40228 gene product from transcript CG40228-RC	protein-coding
SP53NT60Ctr.anno	226	MACS_peak_192	chr3LHet	2168526	2168763	+	56.27		Intergenic	SAR_DM|Satellite|Satellite	22087.0	NM_001110956	5740664.0	Dm.29274	NM_001110955		CG40228	BcDNA:RE67573|Dmel\CG40228	CG40228 gene product from transcript CG40228-RC	protein-coding
Kc167_P53_XR60_B.anno	30	MACS_peak_126	chr3LHet	2185809	2186606	+	200.3		Intergenic	SAR_DM|Satellite|Satellite	4524.0	NM_001276238	5740664.0	Dm.29274	NM_001110955		CG40228	BcDNA:RE67573|Dmel\CG40228	CG40228 gene product from transcript CG40228-RC	protein-coding
Kc167_P53_XR60_B.anno	32	MACS_peak_125	chr3LHet	2181670	2182365	+	186.39		Intergenic	SAR_DM|Satellite|Satellite	8714.0	NM_001276238	5740664.0	Dm.29274	NM_001110955		CG40228	BcDNA:RE67573|Dmel\CG40228	CG40228 gene product from transcript CG40228-RC	protein-coding
Kc167_P53_XR60_B.anno	103	MACS_peak_127	chr3LHet	2188185	2189073	+	90.71		TTS	TTS (NM_001110956)	2102.0	NM_001276238	5740664.0	Dm.29274	NM_001110955		CG40228	BcDNA:RE67573|Dmel\CG40228	CG40228 gene product from transcript CG40228-RC	protein-coding
Kc167_P53_XR60_B.anno	219	MACS_peak_124	chr3LHet	2160330	2161174	+	55.94		Intergenic	SAR_DM|Satellite|Satellite	29979.0	NM_001276238	5740664.0	Dm.29274	NM_001110955		CG40228	BcDNA:RE67573|Dmel\CG40228	CG40228 gene product from transcript CG40228-RC	protein-coding
S_P53XR120.anno	12	MACS_peak_334	chr3LHet	2182757	2184677	+	1733.86		Intergenic	SAR_DM|Satellite|Satellite	7014.0	NM_001276237	5740664.0	Dm.29274	NM_001110955		CG40228	BcDNA:RE67573|Dmel\CG40228	CG40228 gene product from transcript CG40228-RC	protein-coding
S_P53XR120.anno	54	MACS_peak_328	chr3LHet	2162537	2164179	+	587.15		Intergenic	SAR_DM|Satellite|Satellite	27373.0	NM_001276237	5740664.0	Dm.29274	NM_001110955		CG40228	BcDNA:RE67573|Dmel\CG40228	CG40228 gene product from transcript CG40228-RC	protein-coding
S_P53XR120.anno	65	MACS_peak_336	chr3LHet	2188358	2189037	+	452.11		TTS	TTS (NM_001110956)	2034.0	NM_001276237	5740664.0	Dm.29274	NM_001110955		CG40228	BcDNA:RE67573|Dmel\CG40228	CG40228 gene product from transcript CG40228-RC	protein-coding
S_P53XR120.anno	109	MACS_peak_327	chr3LHet	2160486	2162293	+	252.03		Intergenic	SAR_DM|Satellite|Satellite	29342.0	NM_001276237	5740664.0	Dm.29274	NM_001110955		CG40228	BcDNA:RE67573|Dmel\CG40228	CG40228 gene product from transcript CG40228-RC	protein-coding
S_P53XR120.anno	115	MACS_peak_333	chr3LHet	2181814	2182245	+	240.74		Intergenic	SAR_DM|Satellite|Satellite	8702.0	NM_001276237	5740664.0	Dm.29274	NM_001110955		CG40228	BcDNA:RE67573|Dmel\CG40228	CG40228 gene product from transcript CG40228-RC	protein-coding
S_P53XR120.anno	174	MACS_peak_335	chr3LHet	2185805	2186460	+	132.06		Intergenic	SAR_DM|Satellite|Satellite	4599.0	NM_001276237	5740664.0	Dm.29274	NM_001110955		CG40228	BcDNA:RE67573|Dmel\CG40228	CG40228 gene product from transcript CG40228-RC	protein-coding
S_P53XR120.anno	177	MACS_peak_332	chr3LHet	2176619	2178456	+	130.52		Intergenic	SAR_DM|Satellite|Satellite	13194.0	NM_001276237	5740664.0	Dm.29274	NM_001110955		CG40228	BcDNA:RE67573|Dmel\CG40228	CG40228 gene product from transcript CG40228-RC	protein-coding
S_P53XR120.anno	204	MACS_peak_330	chr3LHet	2168524	2168755	+	114.35		Intergenic	SAR_DM|Satellite|Satellite	22092.0	NM_001276237	5740664.0	Dm.29274	NM_001110955		CG40228	BcDNA:RE67573|Dmel\CG40228	CG40228 gene product from transcript CG40228-RC	protein-coding
S_P53XR120.anno	206	MACS_peak_325	chr3LHet	2110240	2110918	+	112.39		Intergenic	Invader1_I|LTR|Gypsy	80152.0	NM_001276237	5740664.0	Dm.29274	NM_001110955		CG40228	BcDNA:RE67573|Dmel\CG40228	CG40228 gene product from transcript CG40228-RC	protein-coding
S_P53XR120.anno	252	MACS_peak_329	chr3LHet	2167258	2168082	+	92.84		Intergenic	SAR_DM|Satellite|Satellite	23061.0	NM_001276237	5740664.0	Dm.29274	NM_001110955		CG40228	BcDNA:RE67573|Dmel\CG40228	CG40228 gene product from transcript CG40228-RC	protein-coding
S_P53XR120.anno	411	MACS_peak_324	chr3LHet	2016099	2016398	+	65.16		Intergenic	Gypsy4_I|LTR|Gypsy	174483.0	NM_001276237	5740664.0	Dm.29274	NM_001110955		CG40228	BcDNA:RE67573|Dmel\CG40228	CG40228 gene product from transcript CG40228-RC	protein-coding
S_P53XR120.anno	593	MACS_peak_326	chr3LHet	2111103	2111422	+	53.04		Intergenic	Invader1_I|LTR|Gypsy	79469.0	NM_001276237	5740664.0	Dm.29274	NM_001110955		CG40228	BcDNA:RE67573|Dmel\CG40228	CG40228 gene product from transcript CG40228-RC	protein-coding
S_P53XR120.anno	634	MACS_peak_331	chr3LHet	2170519	2171411	+	50.93		Intergenic	SAR_DM|Satellite|Satellite	19766.0	NM_001276237	5740664.0	Dm.29274	NM_001110955		CG40228	BcDNA:RE67573|Dmel\CG40228	CG40228 gene product from transcript CG40228-RC	protein-coding
SP53NT30Ctr.anno	20	MACS_peak_142	chr3LHet	2181811	2182327	+	310.98		Intergenic	SAR_DM|Satellite|Satellite	8662.0	NM_001276237	5740664.0	Dm.29274	NM_001110955		CG40228	BcDNA:RE67573|Dmel\CG40228	CG40228 gene product from transcript CG40228-RC	protein-coding
SP53NT30Ctr.anno	21	MACS_peak_144	chr3LHet	2185956	2186466	+	306.9		Intergenic	SAR_DM|Satellite|Satellite	4520.0	NM_001276237	5740664.0	Dm.29274	NM_001110955		CG40228	BcDNA:RE67573|Dmel\CG40228	CG40228 gene product from transcript CG40228-RC	protein-coding
SP53NT30Ctr.anno	24	MACS_peak_143	chr3LHet	2182670	2184629	+	280.23		Intergenic	SAR_DM|Satellite|Satellite	7082.0	NM_001276237	5740664.0	Dm.29274	NM_001110955		CG40228	BcDNA:RE67573|Dmel\CG40228	CG40228 gene product from transcript CG40228-RC	protein-coding
SP53NT30Ctr.anno	33	MACS_peak_139	chr3LHet	2165449	2168158	+	240.04		Intergenic	SAR_DM|Satellite|Satellite	23928.0	NM_001276237	5740664.0	Dm.29274	NM_001110955		CG40228	BcDNA:RE67573|Dmel\CG40228	CG40228 gene product from transcript CG40228-RC	protein-coding
SP53NT30Ctr.anno	34	MACS_peak_145	chr3LHet	2188252	2189050	+	235.36		TTS	TTS (NM_001110956)	2080.0	NM_001276237	5740664.0	Dm.29274	NM_001110955		CG40228	BcDNA:RE67573|Dmel\CG40228	CG40228 gene product from transcript CG40228-RC	protein-coding
SP53NT30Ctr.anno	37	MACS_peak_137	chr3LHet	2160493	2162306	+	213.04		Intergenic	SAR_DM|Satellite|Satellite	29332.0	NM_001276237	5740664.0	Dm.29274	NM_001110955		CG40228	BcDNA:RE67573|Dmel\CG40228	CG40228 gene product from transcript CG40228-RC	protein-coding
SP53NT30Ctr.anno	44	MACS_peak_141	chr3LHet	2169491	2172355	+	192.12		Intergenic	SAR_DM|Satellite|Satellite	19808.0	NM_001276237	5740664.0	Dm.29274	NM_001110955		CG40228	BcDNA:RE67573|Dmel\CG40228	CG40228 gene product from transcript CG40228-RC	protein-coding
SP53NT30Ctr.anno	48	MACS_peak_138	chr3LHet	2162579	2164280	+	167.14		Intergenic	SAR_DM|Satellite|Satellite	27302.0	NM_001276237	5740664.0	Dm.29274	NM_001110955		CG40228	BcDNA:RE67573|Dmel\CG40228	CG40228 gene product from transcript CG40228-RC	protein-coding
SP53NT30Ctr.anno	70	MACS_peak_140	chr3LHet	2168515	2168769	+	106.46		Intergenic	SAR_DM|Satellite|Satellite	22089.0	NM_001276237	5740664.0	Dm.29274	NM_001110955		CG40228	BcDNA:RE67573|Dmel\CG40228	CG40228 gene product from transcript CG40228-RC	protein-coding
SP53NT30Ctr.anno	175	MACS_peak_135	chr3LHet	1989656	1990278	+	55.5		Intergenic	TRANSPAC_I|LTR|Gypsy	200764.0	NM_001276237	5740664.0	Dm.29274	NM_001110955		CG40228	BcDNA:RE67573|Dmel\CG40228	CG40228 gene product from transcript CG40228-RC	protein-coding
SP53NT30Ctr.anno	176	MACS_peak_136	chr3LHet	1991903	1992227	+	54.95		Intergenic	TRANSPAC_LTR|LTR|Gypsy	198666.0	NM_001276237	5740664.0	Dm.29274	NM_001110955		CG40228	BcDNA:RE67573|Dmel\CG40228	CG40228 gene product from transcript CG40228-RC	protein-coding
S_P53NT60AB.anno	25	MACS_peak_1088	chr3LHet	2185875	2186566	+	735.89		Intergenic	SAR_DM|Satellite|Satellite	4511.0	NM_001110955	5740664.0	Dm.29274	NM_001110955		CG40228	BcDNA:RE67573|Dmel\CG40228	CG40228 gene product from transcript CG40228-RC	protein-coding
S_P53NT60AB.anno	26	MACS_peak_1085	chr3LHet	2181818	2182435	+	734.89		Intergenic	SAR_DM|Satellite|Satellite	8605.0	NM_001110955	5740664.0	Dm.29274	NM_001110955		CG40228	BcDNA:RE67573|Dmel\CG40228	CG40228 gene product from transcript CG40228-RC	protein-coding
S_P53NT60AB.anno	55	MACS_peak_1089	chr3LHet	2188128	2189188	+	432.17		TTS	TTS (NM_001110956)	2073.0	NM_001110955	5740664.0	Dm.29274	NM_001110955		CG40228	BcDNA:RE67573|Dmel\CG40228	CG40228 gene product from transcript CG40228-RC	protein-coding
S_P53NT60AB.anno	75	MACS_peak_1077	chr3LHet	2162593	2164193	+	304.09		Intergenic	SAR_DM|Satellite|Satellite	27338.0	NM_001110955	5740664.0	Dm.29274	NM_001110955		CG40228	BcDNA:RE67573|Dmel\CG40228	CG40228 gene product from transcript CG40228-RC	protein-coding
S_P53NT60AB.anno	79	MACS_peak_1082	chr3LHet	2169413	2174486	+	290.92		Intergenic	SAR_DM|Satellite|Satellite	18782.0	NM_001110955	5740664.0	Dm.29274	NM_001110955		CG40228	BcDNA:RE67573|Dmel\CG40228	CG40228 gene product from transcript CG40228-RC	protein-coding
S_P53NT60AB.anno	91	MACS_peak_1083	chr3LHet	2174629	2175380	+	263.72		Intergenic	SAR_DM|Satellite|Satellite	15727.0	NM_001110955	5740664.0	Dm.29274	NM_001110955		CG40228	BcDNA:RE67573|Dmel\CG40228	CG40228 gene product from transcript CG40228-RC	protein-coding
S_P53NT60AB.anno	96	MACS_peak_1079	chr3LHet	2166050	2167227	+	250.98		Intergenic	SAR_DM|Satellite|Satellite	24093.0	NM_001110955	5740664.0	Dm.29274	NM_001110955		CG40228	BcDNA:RE67573|Dmel\CG40228	CG40228 gene product from transcript CG40228-RC	protein-coding
S_P53NT60AB.anno	159	MACS_peak_1076	chr3LHet	2160414	2161202	+	168.73		Intergenic	SAR_DM|Satellite|Satellite	29923.0	NM_001110955	5740664.0	Dm.29274	NM_001110955		CG40228	BcDNA:RE67573|Dmel\CG40228	CG40228 gene product from transcript CG40228-RC	protein-coding
S_P53NT60AB.anno	270	MACS_peak_1064	chr3LHet	1961185	1961746	+	123.94		Intergenic	DOC|LINE|Jockey	229266.0	NM_001110955	5740664.0	Dm.29274	NM_001110955		CG40228	BcDNA:RE67573|Dmel\CG40228	CG40228 gene product from transcript CG40228-RC	protein-coding
S_P53NT60AB.anno	288	MACS_peak_1068	chr3LHet	1989654	1991189	+	120.48		Intergenic	TRANSPAC_I|LTR|Gypsy	200310.0	NM_001110955	5740664.0	Dm.29274	NM_001110955		CG40228	BcDNA:RE67573|Dmel\CG40228	CG40228 gene product from transcript CG40228-RC	protein-coding
S_P53NT60AB.anno	323	MACS_peak_1066	chr3LHet	1986986	1988154	+	113.72		Intergenic	TRANSPAC_I|LTR|Gypsy	203161.0	NM_001110955	5740664.0	Dm.29274	NM_001110955		CG40228	BcDNA:RE67573|Dmel\CG40228	CG40228 gene product from transcript CG40228-RC	protein-coding
S_P53NT60AB.anno	375	MACS_peak_1086	chr3LHet	2182728	2184540	+	105.43		Intergenic	SAR_DM|Satellite|Satellite	7097.0	NM_001110955	5740664.0	Dm.29274	NM_001110955		CG40228	BcDNA:RE67573|Dmel\CG40228	CG40228 gene product from transcript CG40228-RC	protein-coding
S_P53NT60AB.anno	428	MACS_peak_1081	chr3LHet	2168223	2169377	+	99.93		Intergenic	SAR_DM|Satellite|Satellite	21931.0	NM_001110955	5740664.0	Dm.29274	NM_001110955		CG40228	BcDNA:RE67573|Dmel\CG40228	CG40228 gene product from transcript CG40228-RC	protein-coding
S_P53NT60AB.anno	443	MACS_peak_1080	chr3LHet	2167339	2168096	+	98.66		Intergenic	SAR_DM|Satellite|Satellite	23014.0	NM_001110955	5740664.0	Dm.29274	NM_001110955		CG40228	BcDNA:RE67573|Dmel\CG40228	CG40228 gene product from transcript CG40228-RC	protein-coding
S_P53NT60AB.anno	481	MACS_peak_1078	chr3LHet	2164418	2165478	+	95.09		Intergenic	SAR_DM|Satellite|Satellite	25783.0	NM_001110955	5740664.0	Dm.29274	NM_001110955		CG40228	BcDNA:RE67573|Dmel\CG40228	CG40228 gene product from transcript CG40228-RC	protein-coding
S_P53NT60AB.anno	574	MACS_peak_1084	chr3LHet	2179416	2180314	+	88.3		Intergenic	SAR_DM|Satellite|Satellite	10866.0	NM_001110955	5740664.0	Dm.29274	NM_001110955		CG40228	BcDNA:RE67573|Dmel\CG40228	CG40228 gene product from transcript CG40228-RC	protein-coding
S_P53NT60AB.anno	769	MACS_peak_1069	chr3LHet	1991215	1991831	+	75.29		Intergenic	TRANSPAC_I|LTR|Gypsy	199208.0	NM_001110955	5740664.0	Dm.29274	NM_001110955		CG40228	BcDNA:RE67573|Dmel\CG40228	CG40228 gene product from transcript CG40228-RC	protein-coding
S_P53NT60AB.anno	879	MACS_peak_1071	chr3LHet	2119039	2119559	+	71.03		Intergenic	STALKER4_LTR|LTR|Gypsy	71432.0	NM_001110955	5740664.0	Dm.29274	NM_001110955		CG40228	BcDNA:RE67573|Dmel\CG40228	CG40228 gene product from transcript CG40228-RC	protein-coding
S_P53NT60AB.anno	908	MACS_peak_1070	chr3LHet	2030468	2030905	+	69.86		Intergenic	Invader2_I|LTR|Gypsy	160045.0	NM_001110955	5740664.0	Dm.29274	NM_001110955		CG40228	BcDNA:RE67573|Dmel\CG40228	CG40228 gene product from transcript CG40228-RC	protein-coding
S_P53NT60AB.anno	1125	MACS_peak_1087	chr3LHet	2184887	2185649	+	62.96		Intergenic	SAR_DM|Satellite|Satellite	5463.0	NM_001110955	5740664.0	Dm.29274	NM_001110955		CG40228	BcDNA:RE67573|Dmel\CG40228	CG40228 gene product from transcript CG40228-RC	protein-coding
S_P53NT60AB.anno	1201	MACS_peak_1067	chr3LHet	1988898	1989282	+	61.01		Intergenic	TRANSPAC_I|LTR|Gypsy	201641.0	NM_001110955	5740664.0	Dm.29274	NM_001110955		CG40228	BcDNA:RE67573|Dmel\CG40228	CG40228 gene product from transcript CG40228-RC	protein-coding
S_P53NT60AB.anno	1226	MACS_peak_1074	chr3LHet	2125989	2126401	+	60.33		Intergenic	STALKER4_LTR|LTR|Gypsy	64536.0	NM_001110955	5740664.0	Dm.29274	NM_001110955		CG40228	BcDNA:RE67573|Dmel\CG40228	CG40228 gene product from transcript CG40228-RC	protein-coding
S_P53NT60AB.anno	1236	MACS_peak_1072	chr3LHet	2119842	2120648	+	60.16		Intergenic	STALKER4_I|LTR|Gypsy	70486.0	NM_001110955	5740664.0	Dm.29274	NM_001110955		CG40228	BcDNA:RE67573|Dmel\CG40228	CG40228 gene product from transcript CG40228-RC	protein-coding
S_P53NT60AB.anno	1322	MACS_peak_1065	chr3LHet	1962926	1963397	+	58.37		Intergenic	DOC|LINE|Jockey	227570.0	NM_001110955	5740664.0	Dm.29274	NM_001110955		CG40228	BcDNA:RE67573|Dmel\CG40228	CG40228 gene product from transcript CG40228-RC	protein-coding
S_P53NT60AB.anno	1511	MACS_peak_1075	chr3LHet	2140558	2141081	+	55.0		Intergenic	ROO_I|LTR|Pao	49912.0	NM_001110955	5740664.0	Dm.29274	NM_001110955		CG40228	BcDNA:RE67573|Dmel\CG40228	CG40228 gene product from transcript CG40228-RC	protein-coding
S_P53NT60AB.anno	1784	MACS_peak_1073	chr3LHet	2123081	2123755	+	50.01		Intergenic	STALKER4_I|LTR|Gypsy	67313.0	NM_001110955	5740664.0	Dm.29274	NM_001110955		CG40228	BcDNA:RE67573|Dmel\CG40228	CG40228 gene product from transcript CG40228-RC	protein-coding
S_P53NT120.anno	11	MACS_peak_361	chr3LHet	2182689	2184703	+	2259.11		Intergenic	SAR_DM|Satellite|Satellite	7035.0	NM_001110956	5740664.0	Dm.29274	NM_001110955		CG40228	BcDNA:RE67573|Dmel\CG40228	CG40228 gene product from transcript CG40228-RC	protein-coding
S_P53NT120.anno	43	MACS_peak_356	chr3LHet	2163370	2164302	+	980.96		Intergenic	SAR_DM|Satellite|Satellite	26895.0	NM_001110956	5740664.0	Dm.29274	NM_001110955		CG40228	BcDNA:RE67573|Dmel\CG40228	CG40228 gene product from transcript CG40228-RC	protein-coding
S_P53NT120.anno	89	MACS_peak_355	chr3LHet	2160379	2162399	+	367.81		Intergenic	SAR_DM|Satellite|Satellite	29342.0	NM_001110956	5740664.0	Dm.29274	NM_001110955		CG40228	BcDNA:RE67573|Dmel\CG40228	CG40228 gene product from transcript CG40228-RC	protein-coding
S_P53NT120.anno	106	MACS_peak_362	chr3LHet	2188280	2189165	+	321.94		TTS	TTS (NM_001110956)	2009.0	NM_001110956	5740664.0	Dm.29274	NM_001110955		CG40228	BcDNA:RE67573|Dmel\CG40228	CG40228 gene product from transcript CG40228-RC	protein-coding
S_P53NT120.anno	110	MACS_peak_359	chr3LHet	2176506	2178672	+	299.22		Intergenic	SAR_DM|Satellite|Satellite	13142.0	NM_001110956	5740664.0	Dm.29274	NM_001110955		CG40228	BcDNA:RE67573|Dmel\CG40228	CG40228 gene product from transcript CG40228-RC	protein-coding
S_P53NT120.anno	140	MACS_peak_354	chr3LHet	2109855	2110913	+	229.09		Intergenic	Invader1_I|LTR|Gypsy	80347.0	NM_001110956	5740664.0	Dm.29274	NM_001110955		CG40228	BcDNA:RE67573|Dmel\CG40228	CG40228 gene product from transcript CG40228-RC	protein-coding
S_P53NT120.anno	228	MACS_peak_357	chr3LHet	2168525	2168764	+	113.46		Intergenic	SAR_DM|Satellite|Satellite	22087.0	NM_001110956	5740664.0	Dm.29274	NM_001110955		CG40228	BcDNA:RE67573|Dmel\CG40228	CG40228 gene product from transcript CG40228-RC	protein-coding
S_P53NT120.anno	377	MACS_peak_360	chr3LHet	2181677	2182246	+	76.16		Intergenic	SAR_DM|Satellite|Satellite	8770.0	NM_001110956	5740664.0	Dm.29274	NM_001110955		CG40228	BcDNA:RE67573|Dmel\CG40228	CG40228 gene product from transcript CG40228-RC	protein-coding
S_P53NT120.anno	433	MACS_peak_358	chr3LHet	2170006	2172398	+	68.67		Intergenic	SAR_DM|Satellite|Satellite	19529.0	NM_001110956	5740664.0	Dm.29274	NM_001110955		CG40228	BcDNA:RE67573|Dmel\CG40228	CG40228 gene product from transcript CG40228-RC	protein-coding
S_P53NT120.anno	600	MACS_peak_353	chr3LHet	2016092	2016446	+	54.04		Intergenic	Gypsy4_I|LTR|Gypsy	174462.0	NM_001110956	5740664.0	Dm.29274	NM_001110955		CG40228	BcDNA:RE67573|Dmel\CG40228	CG40228 gene product from transcript CG40228-RC	protein-coding
Kc167_P53_NT60_B.anno	31	MACS_peak_172	chr3LHet	2185914	2186456	+	281.42		Intergenic	SAR_DM|Satellite|Satellite	4546.0	NM_001276238	5740664.0	Dm.29274	NM_001110955		CG40228	BcDNA:RE67573|Dmel\CG40228	CG40228 gene product from transcript CG40228-RC	protein-coding
Kc167_P53_NT60_B.anno	33	MACS_peak_171	chr3LHet	2181775	2182317	+	275.15		Intergenic	SAR_DM|Satellite|Satellite	8685.0	NM_001276238	5740664.0	Dm.29274	NM_001110955		CG40228	BcDNA:RE67573|Dmel\CG40228	CG40228 gene product from transcript CG40228-RC	protein-coding
Kc167_P53_NT60_B.anno	62	MACS_peak_173	chr3LHet	2187901	2188988	+	148.13		TTS	TTS (NM_001110956)	2287.0	NM_001276238	5740664.0	Dm.29274	NM_001110955		CG40228	BcDNA:RE67573|Dmel\CG40228	CG40228 gene product from transcript CG40228-RC	protein-coding
Kc167_P53_NT60_B.anno	309	MACS_peak_170	chr3LHet	2160478	2161102	+	50.5		Intergenic	SAR_DM|Satellite|Satellite	29941.0	NM_001276238	5740664.0	Dm.29274	NM_001110955		CG40228	BcDNA:RE67573|Dmel\CG40228	CG40228 gene product from transcript CG40228-RC	protein-coding
R_P53NT60.anno	18	MACS_peak_475	chr3LHet	2182769	2184625	+	2123.23		Intergenic	SAR_DM|Satellite|Satellite	7034.0	NM_001276238	5740664.0	Dm.29274	NM_001110955		CG40228	BcDNA:RE67573|Dmel\CG40228	CG40228 gene product from transcript CG40228-RC	protein-coding
R_P53NT60.anno	63	MACS_peak_473	chr3LHet	2176961	2178155	+	608.98		Intergenic	SAR_DM|Satellite|Satellite	13173.0	NM_001276238	5740664.0	Dm.29274	NM_001110955		CG40228	BcDNA:RE67573|Dmel\CG40228	CG40228 gene product from transcript CG40228-RC	protein-coding
R_P53NT60.anno	94	MACS_peak_467	chr3LHet	2162353	2164341	+	424.99		Intergenic	SAR_DM|Satellite|Satellite	27384.0	NM_001276238	5740664.0	Dm.29274	NM_001110955		CG40228	BcDNA:RE67573|Dmel\CG40228	CG40228 gene product from transcript CG40228-RC	protein-coding
R_P53NT60.anno	105	MACS_peak_478	chr3LHet	2188318	2188961	+	382.05		TTS	TTS (NM_001110956)	2092.0	NM_001276238	5740664.0	Dm.29274	NM_001110955		CG40228	BcDNA:RE67573|Dmel\CG40228	CG40228 gene product from transcript CG40228-RC	protein-coding
R_P53NT60.anno	115	MACS_peak_465	chr3LHet	2160449	2161179	+	344.57		Intergenic	SAR_DM|Satellite|Satellite	29917.0	NM_001276238	5740664.0	Dm.29274	NM_001110955		CG40228	BcDNA:RE67573|Dmel\CG40228	CG40228 gene product from transcript CG40228-RC	protein-coding
R_P53NT60.anno	222	MACS_peak_468	chr3LHet	2167329	2167890	+	188.1		Intergenic	SAR_DM|Satellite|Satellite	23122.0	NM_001276238	5740664.0	Dm.29274	NM_001110955		CG40228	BcDNA:RE67573|Dmel\CG40228	CG40228 gene product from transcript CG40228-RC	protein-coding
R_P53NT60.anno	243	MACS_peak_466	chr3LHet	2161196	2162115	+	166.38		Intergenic	SAR_DM|Satellite|Satellite	29076.0	NM_001276238	5740664.0	Dm.29274	NM_001110955		CG40228	BcDNA:RE67573|Dmel\CG40228	CG40228 gene product from transcript CG40228-RC	protein-coding
R_P53NT60.anno	298	MACS_peak_469	chr3LHet	2168530	2168768	+	136.29		Intergenic	SAR_DM|Satellite|Satellite	22082.0	NM_001276238	5740664.0	Dm.29274	NM_001110955		CG40228	BcDNA:RE67573|Dmel\CG40228	CG40228 gene product from transcript CG40228-RC	protein-coding
R_P53NT60.anno	421	MACS_peak_470	chr3LHet	2170650	2171413	+	96.35		Intergenic	SAR_DM|Satellite|Satellite	19700.0	NM_001276238	5740664.0	Dm.29274	NM_001110955		CG40228	BcDNA:RE67573|Dmel\CG40228	CG40228 gene product from transcript CG40228-RC	protein-coding
R_P53NT60.anno	468	MACS_peak_474	chr3LHet	2181722	2182217	+	89.42		Intergenic	SAR_DM|Satellite|Satellite	8762.0	NM_001276238	5740664.0	Dm.29274	NM_001110955		CG40228	BcDNA:RE67573|Dmel\CG40228	CG40228 gene product from transcript CG40228-RC	protein-coding
R_P53NT60.anno	492	MACS_peak_476	chr3LHet	2185890	2186404	+	84.28		Intergenic	SAR_DM|Satellite|Satellite	4584.0	NM_001276238	5740664.0	Dm.29274	NM_001110955		CG40228	BcDNA:RE67573|Dmel\CG40228	CG40228 gene product from transcript CG40228-RC	protein-coding
R_P53NT60.anno	572	MACS_peak_472	chr3LHet	2174645	2175155	+	74.99		Intergenic	SAR_DM|Satellite|Satellite	15831.0	NM_001276238	5740664.0	Dm.29274	NM_001110955		CG40228	BcDNA:RE67573|Dmel\CG40228	CG40228 gene product from transcript CG40228-RC	protein-coding
R_P53NT60.anno	600	MACS_peak_477	chr3LHet	2187177	2187792	+	72.26		Intergenic	SAR_DM|Satellite|Satellite	3247.0	NM_001276238	5740664.0	Dm.29274	NM_001110955		CG40228	BcDNA:RE67573|Dmel\CG40228	CG40228 gene product from transcript CG40228-RC	protein-coding
R_P53NT60.anno	640	MACS_peak_462	chr3LHet	1968652	1968823	+	68.09		Intergenic	Gypsy7_I|LTR|Gypsy	221994.0	NM_001276238	5740664.0	Dm.29274	NM_001110955		CG40228	BcDNA:RE67573|Dmel\CG40228	CG40228 gene product from transcript CG40228-RC	protein-coding
R_P53NT60.anno	663	MACS_peak_464	chr3LHet	2110595	2110936	+	65.76		Intergenic	Invader1_I|LTR|Gypsy	79966.0	NM_001276238	5740664.0	Dm.29274	NM_001110955		CG40228	BcDNA:RE67573|Dmel\CG40228	CG40228 gene product from transcript CG40228-RC	protein-coding
R_P53NT60.anno	733	MACS_peak_471	chr3LHet	2171810	2172325	+	60.42		Intergenic	SAR_DM|Satellite|Satellite	18664.0	NM_001276238	5740664.0	Dm.29274	NM_001110955		CG40228	BcDNA:RE67573|Dmel\CG40228	CG40228 gene product from transcript CG40228-RC	protein-coding
R_P53NT60.anno	794	MACS_peak_463	chr3LHet	2017657	2017932	+	55.89		Intergenic	Gypsy4_I|LTR|Gypsy	172937.0	NM_001276238	5740664.0	Dm.29274	NM_001110955		CG40228	BcDNA:RE67573|Dmel\CG40228	CG40228 gene product from transcript CG40228-RC	protein-coding
R_P53XR60.anno	21	MACS_peak_365	chr3LHet	2182845	2184618	+	1692.89		Intergenic	SAR_DM|Satellite|Satellite	7000.0	NM_001276237	5740664.0	Dm.29274	NM_001110955		CG40228	BcDNA:RE67573|Dmel\CG40228	CG40228 gene product from transcript CG40228-RC	protein-coding
R_P53XR60.anno	44	MACS_peak_357	chr3LHet	2163358	2164155	+	744.08		Intergenic	SAR_DM|Satellite|Satellite	26975.0	NM_001276237	5740664.0	Dm.29274	NM_001110955		CG40228	BcDNA:RE67573|Dmel\CG40228	CG40228 gene product from transcript CG40228-RC	protein-coding
R_P53XR60.anno	70	MACS_peak_363	chr3LHet	2176972	2178118	+	538.26		Intergenic	SAR_DM|Satellite|Satellite	13186.0	NM_001276237	5740664.0	Dm.29274	NM_001110955		CG40228	BcDNA:RE67573|Dmel\CG40228	CG40228 gene product from transcript CG40228-RC	protein-coding
R_P53XR60.anno	93	MACS_peak_355	chr3LHet	2160440	2161652	+	427.13		Intergenic	SAR_DM|Satellite|Satellite	29685.0	NM_001276237	5740664.0	Dm.29274	NM_001110955		CG40228	BcDNA:RE67573|Dmel\CG40228	CG40228 gene product from transcript CG40228-RC	protein-coding
R_P53XR60.anno	127	MACS_peak_368	chr3LHet	2188610	2188948	+	333.57		TTS	TTS (NM_001110956)	1952.0	NM_001276237	5740664.0	Dm.29274	NM_001110955		CG40228	BcDNA:RE67573|Dmel\CG40228	CG40228 gene product from transcript CG40228-RC	protein-coding
R_P53XR60.anno	261	MACS_peak_359	chr3LHet	2168526	2168752	+	146.51		Intergenic	SAR_DM|Satellite|Satellite	22092.0	NM_001276237	5740664.0	Dm.29274	NM_001110955		CG40228	BcDNA:RE67573|Dmel\CG40228	CG40228 gene product from transcript CG40228-RC	protein-coding
R_P53XR60.anno	311	MACS_peak_358	chr3LHet	2167334	2168085	+	122.72		Intergenic	SAR_DM|Satellite|Satellite	23022.0	NM_001276237	5740664.0	Dm.29274	NM_001110955		CG40228	BcDNA:RE67573|Dmel\CG40228	CG40228 gene product from transcript CG40228-RC	protein-coding
R_P53XR60.anno	324	MACS_peak_364	chr3LHet	2181714	2182206	+	121.01		Intergenic	SAR_DM|Satellite|Satellite	8771.0	NM_001276237	5740664.0	Dm.29274	NM_001110955		CG40228	BcDNA:RE67573|Dmel\CG40228	CG40228 gene product from transcript CG40228-RC	protein-coding
R_P53XR60.anno	381	MACS_peak_360	chr3LHet	2170638	2171122	+	105.66		Intergenic	SAR_DM|Satellite|Satellite	19851.0	NM_001276237	5740664.0	Dm.29274	NM_001110955		CG40228	BcDNA:RE67573|Dmel\CG40228	CG40228 gene product from transcript CG40228-RC	protein-coding
R_P53XR60.anno	383	MACS_peak_354	chr3LHet	2110184	2110699	+	104.97		Intergenic	Invader1_I|LTR|Gypsy	80290.0	NM_001276237	5740664.0	Dm.29274	NM_001110955		CG40228	BcDNA:RE67573|Dmel\CG40228	CG40228 gene product from transcript CG40228-RC	protein-coding
R_P53XR60.anno	392	MACS_peak_366	chr3LHet	2185854	2186406	+	101.3		Intergenic	SAR_DM|Satellite|Satellite	4601.0	NM_001276237	5740664.0	Dm.29274	NM_001110955		CG40228	BcDNA:RE67573|Dmel\CG40228	CG40228 gene product from transcript CG40228-RC	protein-coding
R_P53XR60.anno	436	MACS_peak_361	chr3LHet	2171880	2172334	+	91.52		Intergenic	SAR_DM|Satellite|Satellite	18624.0	NM_001276237	5740664.0	Dm.29274	NM_001110955		CG40228	BcDNA:RE67573|Dmel\CG40228	CG40228 gene product from transcript CG40228-RC	protein-coding
R_P53XR60.anno	438	MACS_peak_362	chr3LHet	2174699	2175179	+	90.96		Intergenic	SAR_DM|Satellite|Satellite	15792.0	NM_001276237	5740664.0	Dm.29274	NM_001110955		CG40228	BcDNA:RE67573|Dmel\CG40228	CG40228 gene product from transcript CG40228-RC	protein-coding
R_P53XR60.anno	556	MACS_peak_356	chr3LHet	2162429	2162514	+	68.77		Intergenic	SAR_DM|Satellite|Satellite	28260.0	NM_001276237	5740664.0	Dm.29274	NM_001110955		CG40228	BcDNA:RE67573|Dmel\CG40228	CG40228 gene product from transcript CG40228-RC	protein-coding
R_P53XR60.anno	739	MACS_peak_367	chr3LHet	2188309	2188593	+	52.88		TTS	TTS (NM_001110956)	2280.0	NM_001276237	5740664.0	Dm.29274	NM_001110955		CG40228	BcDNA:RE67573|Dmel\CG40228	CG40228 gene product from transcript CG40228-RC	protein-coding
R_P53XR60.anno	775	MACS_peak_353	chr3LHet	2062972	2063094	+	50.76		Intergenic	NINJA_I|LTR|Pao	127698.0	NM_001276237	5740664.0	Dm.29274	NM_001110955		CG40228	BcDNA:RE67573|Dmel\CG40228	CG40228 gene product from transcript CG40228-RC	protein-coding
S_P53XR60AB.anno	22	MACS_peak_327	chr3LHet	1986833	1988858	+	154.29		Intergenic	TRANSPAC_I|LTR|Gypsy	202886.0	NM_001110956	5740664.0	Dm.29274	NM_001110955		CG40228	BcDNA:RE67573|Dmel\CG40228	CG40228 gene product from transcript CG40228-RC	protein-coding
S_P53XR60AB.anno	32	MACS_peak_328	chr3LHet	1988874	1991852	+	141.28		Intergenic	TRANSPAC_I|LTR|Gypsy	200368.0	NM_001110956	5740664.0	Dm.29274	NM_001110955		CG40228	BcDNA:RE67573|Dmel\CG40228	CG40228 gene product from transcript CG40228-RC	protein-coding
S_P53XR60AB.anno	175	MACS_peak_331	chr3LHet	2121510	2124809	+	77.49		Intergenic	STALKER4_I|LTR|Gypsy	67572.0	NM_001110956	5740664.0	Dm.29274	NM_001110955		CG40228	BcDNA:RE67573|Dmel\CG40228	CG40228 gene product from transcript CG40228-RC	protein-coding
S_P53XR60AB.anno	333	MACS_peak_330	chr3LHet	2077920	2078275	+	59.43		Intergenic	PROTOP_A|DNA|P	112634.0	NM_001110956	5740664.0	Dm.29274	NM_001110955		CG40228	BcDNA:RE67573|Dmel\CG40228	CG40228 gene product from transcript CG40228-RC	protein-coding
S_P53XR60AB.anno	455	MACS_peak_329	chr3LHet	2017844	2018447	+	52.76		Intergenic	Gypsy4_LTR|LTR|Gypsy	172586.0	NM_001110956	5740664.0	Dm.29274	NM_001110955		CG40228	BcDNA:RE67573|Dmel\CG40228	CG40228 gene product from transcript CG40228-RC	protein-coding
